mpn,number_raw,source_url,page_headline,checked_at
77641047,343290,https://spareto.com/oe/343290,343290 - Shock absorber OE number by FORD,2026-08-08
77641182,1073731,https://spareto.com/oe/1073731,"1073731 - Brake pad set OE number by FORD, FORD USA",2026-08-08
77641249,1243212004,https://spareto.com/oe/1243212004,"1243212004 - Coil spring, suspension spring OE number by MERCEDES-BENZ",2026-08-08
7764125,050141032P,https://spareto.com/oe/050141032p,"050141032P - Clutch disc OE number by AUDI, VAG, VW",2026-08-08
7764126,023141031K,https://spareto.com/oe/023141031k,"023141031K - Clutch disc, clutch kit OE number by AUDI, CUPRA, PORSCHE, SEAT, SKODA, VAG, VW",2026-08-08
77641355,6Q0407621AH,https://spareto.com/oe/6q0407621ah,"6Q0407621AH - Wheel bearing kit, wheel hub, wheel hub, steering knuckle, wheel bearings set OE number by AUDI, CUPRA, PORSCHE, SEAT, SKODA, VAG, VW",2026-08-08
77641406,99825736,https://spareto.com/oe/99825736,"99825736 - Wheel bearing kit, wheel hub, wheel bearing OE number by FIAT, IVECO",2026-08-08
7764145,053911335,https://spareto.com/oe/053911335,053911335 - Freewheel gear OE number by VW,2026-08-08
77641566,96407819,https://spareto.com/oe/96407819,"96407819 - Shock absorber OE number by BUICK (SGM), CHEVROLET, DAEWOO, GENERAL MOTORS, HOLDEN",2026-08-08
77641567,96407820,https://spareto.com/oe/96407820,"96407820 - Shock absorber OE number by BUICK (SGM), CHEVROLET, DAEWOO, GENERAL MOTORS, HOLDEN",2026-08-08
77641581,1K0498621,https://spareto.com/oe/1k0498621,"1K0498621 - Wheel bearing kit, wheel hub, wheel hub, repair kit, wheel bearing OE number by AUDI, CUPRA, PORSCHE, ROEWE (SAIC), SEAT, SKODA, SKODA (SVW), VAG, VW",2026-08-08
77641636,034145159J,https://spareto.com/oe/034145159j,"034145159J - Hydraulic pump OE number by AUDI, SEAT, SKODA, VAG, VW",2026-08-08
77641716,562336,https://spareto.com/oe/562336,"562336 - Brake hose, flexible brake pipe OE number by OPEL, VAUXHALL",2026-08-08
77641728,1479197080,https://spareto.com/oe/1479197080,"1479197080 - Brake hose, flexible brake pipe, wheel brake cylinder OE number by ALFA ROMEO, CITROËN, FERRARI, FIAT, LANCIA, VW",2026-08-08
77641937,335027,https://spareto.com/oe/335027,"335027 - Wheel bearing kit, wheel bearing, wheel hub OE number by CITROËN, FIAT, PEUGEOT, VW",2026-08-08
77641976,028109243F,https://spareto.com/oe/028109243f,"028109243F - Tensioner pulley, timing belt set, water pump &amp; timing belt set, timing belt kit, water pump &amp; timing belt kit OE number by AUDI, CUPRA, FORD, PORSCHE, SEAT, SKODA, VAG, VW",2026-08-08
776420,311405645,https://spareto.com/oe/311405645,"311405645 - Wheel bearing kit, brake disc, brake drum, wheel bearing, stub axle OE number by AUDI, CUPRA, DAEWOO, OPEL, PORSCHE, SEAT, SKODA, VAG, VW, VW (SVW)",2026-08-08
77642035,96253932,https://spareto.com/oe/96253932,"96253932 - Shock absorber OE number by CHEVROLET, DAEWOO",2026-08-08
77642036,96253931,https://spareto.com/oe/96253931,"96253931 - Shock absorber OE number by CHEVROLET, DAEWOO, OPEL",2026-08-08
77642077,424345,https://spareto.com/oe/424345,"424345 - Coil spring, suspension spring OE number by OPEL, VAUXHALL",2026-08-08
77642078,8D0411105AT,https://spareto.com/oe/8d0411105at,"8D0411105AT - Coil spring, suspension spring OE number by AUDI, SKODA, VAG, VW",2026-08-08
77642080,6808555,https://spareto.com/oe/6808555,"6808555 - Repair kit, wheel brake cylinder OE number by FORD",2026-08-08
77642085,90372598,https://spareto.com/oe/90372598,"90372598 - Coil spring OE number by GENERAL MOTORS, OPEL",2026-08-08
77642090,357411105N,https://spareto.com/oe/357411105n,"357411105N - Coil spring, suspension spring OE number by SKODA, VAG, VW",2026-08-08
77642186,312294,https://spareto.com/oe/312294,"312294 - Coil spring, shock absorber, suspension spring OE number by OPEL, SACHS, VAUXHALL",2026-08-08
77642264,3A9511105C,https://spareto.com/oe/3a9511105c,"3A9511105C - Coil spring, suspension spring, suspension kit OE number by VAG, VW",2026-08-08
7764233,1H0121321A,https://spareto.com/oe/1h0121321a,"1H0121321A - Sealing cap, closure, cap, expansion tank, sealing-/protection plugs OE number by AUDI, CUPRA, PORSCHE, SEAT, SKODA, VAG, VW",2026-08-08
7764233,1H0121321C,https://spareto.com/oe/1h0121321c,"1H0121321C - Sealing cap, closure, expansion tank, cap, sealing-/protection plugs OE number by AUDI, CUPRA, MINI, PORSCHE, SEAT, SKODA, VAG, VW",2026-08-08
77642362,893411105B,https://spareto.com/oe/893411105b,"893411105B - Coil spring, suspension spring OE number by AUDI, VW",2026-08-08
77642371,96179834,https://spareto.com/oe/96179834,"96179834 - Coil spring, suspension kit OE number by DAEWOO",2026-08-08
77642374,1J0511115BR,https://spareto.com/oe/1j0511115br,"1J0511115BR - Coil spring, suspension spring, suspension kit OE number by SEAT, SKODA, VAG, VW",2026-08-08
77642376,5002N2,https://spareto.com/oe/5002n2,"5002N2 - Coil spring, suspension spring OE number by CITROËN, PEUGEOT",2026-08-08
77642383,038109243N,https://spareto.com/oe/038109243n,"038109243N - Water pump &amp; timing belt set, timing belt set, tensioner pulley, water pump &amp; timing belt kit, timing belt kit OE number by AUDI, CUPRA, PORSCHE, SEAT, SKODA, VAG, VW, VW (FAW)",2026-08-08
77642385,038109244J,https://spareto.com/oe/038109244j,"038109244J - Water pump &amp; timing belt set, timing belt set, deflection/guide pulley, timing belt kit, water pump &amp; timing belt kit, deflection pulley/guide pulley, tensioner, pulley kit, tensioner pulley OE number by AUDI, CUPRA, DODGE, MITSUBISHI, PORSCHE, SEAT, SKODA, VAG, VW, VW (FAW), VW (SVW)",2026-08-08
77642386,038109244M,https://spareto.com/oe/038109244m,"038109244M - Water pump &amp; timing belt set, timing belt set, deflection/guide pulley, tensioner pulley, water pump &amp; timing belt kit, timing belt kit, deflection pulley/guide pulley OE number by AUDI, CUPRA, PORSCHE, SEAT, SKODA, VAG, VW, VW (FAW), VW (SVW)",2026-08-08
77642387,038109244E,https://spareto.com/oe/038109244e,"038109244E - Timing belt set, deflection/guide pulley, water pump &amp; timing belt set, water pump &amp; timing belt kit, timing belt kit, deflection pulley/guide pulley OE number by AUDI, CUPRA, PORSCHE, SEAT, SKODA, VAG, VW, VW (FAW)",2026-08-08
77642388,058109244,https://spareto.com/oe/058109244,"058109244 - Timing belt set, water pump &amp; timing belt set, deflection/guide pulley, tensioner pulley, timing belt kit, water pump &amp; timing belt kit, deflection pulley/guide pulley OE number by AUDI, AUDI (FAW), CUPRA, FORD, PORSCHE, SEAT, SKODA, VAG, VW, VW (FAW)",2026-08-08
77642389,028109244,https://spareto.com/oe/028109244,"028109244 - Timing belt set, deflection/guide pulley, water pump &amp; timing belt set, timing belt kit, water pump &amp; timing belt kit, deflection pulley/guide pulley OE number by AUDI, CUPRA, PORSCHE, SEAT, SKODA, VAG, VW",2026-08-08
77642406,33531095711,https://spareto.com/oe/33531095711,"33531095711 - Coil spring, suspension spring OE number by BMW",2026-08-08
77642409,96187433,https://spareto.com/oe/96187433,"96187433 - Suspension kit, coil spring OE number by DAEWOO",2026-08-08
77642420,8D0411105BM,https://spareto.com/oe/8d0411105bm,"8D0411105BM - Coil spring, suspension spring OE number by AUDI, SKODA, VAG, VW",2026-08-08
77642426,3C0511115AC,https://spareto.com/oe/3c0511115ac,"3C0511115AC - Coil spring, suspension spring, suspension kit OE number by VAG, VW",2026-08-08
77642429,7H5511115Q,https://spareto.com/oe/7h5511115q,"7H5511115Q - Coil spring, suspension spring OE number by VAG, VW",2026-08-08
77642431,4A5511115P,https://spareto.com/oe/4a5511115p,"4A5511115P - Coil spring, suspension spring OE number by AUDI, VAG",2026-08-08
77642437,4F0411105CD,https://spareto.com/oe/4f0411105cd,"4F0411105CD - Coil spring, suspension spring OE number by AUDI",2026-08-08
7764251,191837205A,https://spareto.com/oe/191837205a,"191837205A - Door handle, exterior door handle OE number by AUDI, CUPRA, PORSCHE, SEAT, SKODA, VAG, VW",2026-08-08
77642612,6X0422811,https://spareto.com/oe/6x0422811,"6X0422811 - Tie rod end, tie rod end OE number by AUDI, CUPRA, PORSCHE, SEAT, SKODA, VAG, VW",2026-08-08
77642613,6X0422812,https://spareto.com/oe/6x0422812,"6X0422812 - Tie rod end, tie rod end OE number by AUDI, CUPRA, PORSCHE, SEAT, SKODA, VAG, VW",2026-08-08
77642616,7M0422817B,https://spareto.com/oe/7m0422817b,"7M0422817B - Tie rod end, tie rod end OE number by AUDI, CUPRA, FORD, PORSCHE, SEAT, SKODA, VAG, VW",2026-08-08
77642617,7M0422818B,https://spareto.com/oe/7m0422818b,"7M0422818B - Tie rod end, tie rod end OE number by AUDI, CUPRA, FORD, PORSCHE, SEAT, SKODA, VAG, VW",2026-08-08
77642618,1K0423811C,https://spareto.com/oe/1k0423811c,"1K0423811C - Tie rod end, rod assembly, tie rod end, tie rod, link set, repair kit OE number by AUDI, CUPRA, PORSCHE, SEAT, SKODA, VAG, VW, VW (FAW)",2026-08-08
77642619,1K0423812C,https://spareto.com/oe/1k0423812c,"1K0423812C - Tie rod end, rod assembly, tie rod end, tie rod, link set, repair kit OE number by AUDI, CUPRA, PORSCHE, SEAT, SKODA, VAG, VW, VW (FAW)",2026-08-08
77642621,26065265,https://spareto.com/oe/26065265,"26065265 - Tie rod end, tie rod end OE number by GENERAL MOTORS, GMC, OPEL, VAUXHALL",2026-08-08
77642622,0324055,https://spareto.com/oe/0324055,"0324055 - Tie rod end, tie rod end OE number by OPEL, VAUXHALL",2026-08-08
77642624,0324039,https://spareto.com/oe/0324039,"0324039 - Tie rod end, mounting, tie rod end, bushing OE number by DAEWOO, OPEL, VAUXHALL",2026-08-08
77642625,0324038,https://spareto.com/oe/0324038,"0324038 - Tie rod end, mounting, tie rod end, bushing OE number by OPEL, VAUXHALL",2026-08-08
77642634,4047091,https://spareto.com/oe/4047091,"4047091 - Tie rod end, tie rod end, repair kit OE number by FORD",2026-08-08
77642635,91AX3270BA,https://spareto.com/oe/91ax3270ba,"91AX3270BA - Tie rod end, tie rod end OE number by FORD, FORD USA",2026-08-08
77642636,91AX3270AA,https://spareto.com/oe/91ax3270aa,"91AX3270AA - Tie rod end, tie rod end OE number by FORD, FORD USA",2026-08-08
77642637,84AB3289AA,https://spareto.com/oe/84ab3289aa,"84AB3289AA - Tie rod end, tie rod end OE number by FORD, FORD USA, VW",2026-08-08
77642640,1202549,https://spareto.com/oe/1202549,"1202549 - Tie rod end, tie rod end, control/trailing arm kit, link set, repair kit, ball joint OE number by FORD, MAZDA",2026-08-08
77642641,1202548,https://spareto.com/oe/1202548,"1202548 - Tie rod end, tie rod axle joint, tie rod end, control/trailing arm kit, link set, repair kit OE number by FORD, MAZDA",2026-08-08
77642642,2D0422811,https://spareto.com/oe/2d0422811,"2D0422811 - Tie rod end, tie rod, link set, tie rod end, rod assembly, drag link end, ball joint, inner tie rod, repair kit OE number by AUDI, CUPRA, DODGE, MERCEDES-BENZ, PORSCHE, SEAT, SKODA, VAG, VW",2026-08-08
77642645,1K0423810A,https://spareto.com/oe/1k0423810a,"1K0423810A - Tie rod axle joint, rod assembly, inner tie rod, tie rod, link set, centre rod assembly, repair kit OE number by AUDI, AUDI (FAW), CUPRA, PORSCHE, SEAT, SKODA, SKODA (SVW), VAG, VW, VW (FAW), VW (SVW)",2026-08-08
77642646,322142,https://spareto.com/oe/322142,"322142 - Rod assembly, tie rod OE number by OPEL, VAUXHALL",2026-08-08
77642648,0322155,https://spareto.com/oe/0322155,"0322155 - Tie rod axle joint, inner tie rod, rod assembly OE number by CHEVROLET, OPEL, VAUXHALL",2026-08-08
77642650,322169,https://spareto.com/oe/322169,"322169 - Rod assembly, tie rod, tie rod axle joint OE number by OPEL, VAUXHALL",2026-08-08
77642651,322168,https://spareto.com/oe/322168,"322168 - Rod assembly, tie rod, tie rod axle joint, tie rod end, inner tie rod OE number by OPEL, VAUXHALL",2026-08-08
77642654,893407365,https://spareto.com/oe/893407365,"893407365 - Ball joint, repair kit OE number by AUDI, CUPRA, PORSCHE, SEAT, SKODA, VAG, VW",2026-08-08
77642655,893407366,https://spareto.com/oe/893407366,"893407366 - Ball joint, repair kit OE number by AUDI, CUPRA, PORSCHE, SEAT, SKODA, VAG, VW",2026-08-08
77642659,281407187B,https://spareto.com/oe/281407187b,"281407187B - Ball joint, tie rod end OE number by AUDI, CUPRA, PORSCHE, SEAT, SKODA, VAG, VW",2026-08-08
77642662,6Q0407365A,https://spareto.com/oe/6q0407365a,"6Q0407365A - Ball joint, track control arm, repair kit, control/trailing arm kit, control/trailing arm, link set, fastening bolts OE number by AUDI, CUPRA, PORSCHE, SEAT, SKODA, VAG, VW, VW (SVW)",2026-08-08
77642663,6Q0407366A,https://spareto.com/oe/6q0407366a,"6Q0407366A - Ball joint, track control arm, repair kit, control/trailing arm kit, control/trailing arm, link set, fastening bolts OE number by AUDI, CUPRA, PORSCHE, SEAT, SKODA, VAG, VW, VW (SVW)",2026-08-08
77642664,6U0407807,https://spareto.com/oe/6u0407807,"6U0407807 - Ball joint OE number by SKODA, VAG, VW",2026-08-08
77642665,1K0407365B,https://spareto.com/oe/1k0407365b,"1K0407365B - Ball joint, track control arm, control/trailing arm, link set, repair kit, fastening bolts, control/trailing arm kit OE number by AUDI, CUPRA, FIAT, JEEP, PORSCHE, SEAT, SKODA, VAG, VW",2026-08-08
77642666,1K0407366B,https://spareto.com/oe/1k0407366b,"1K0407366B - Ball joint, track control arm, control/trailing arm, suspension kit, link set, repair kit, fastening bolts, control/trailing arm kit OE number by AUDI, CUPRA, PORSCHE, SEAT, SKODA, VAG, VW",2026-08-08
77642667,352803,https://spareto.com/oe/352803,"352803 - Ball joint, fastening bolts OE number by CHEVROLET, GENERAL MOTORS, OPEL, VAUXHALL",2026-08-08
77642668,1603164,https://spareto.com/oe/1603164,"1603164 - Ball joint OE number by ASÜNA, BEDFORD, CHEVROLET, DAEWOO, OPEL, PONTIAC, SEAT, VAUXHALL",2026-08-08
77642671,4500254,https://spareto.com/oe/4500254,"4500254 - Ball joint, fuse, fastening bolts OE number by KHD, NISSAN, OPEL, RENAULT, VAUXHALL",2026-08-08
77642675,1047853,https://spareto.com/oe/1047853,"1047853 - Ball joint, repair kit, tie rod end OE number by FORD, VW",2026-08-08
77642684,0350263,https://spareto.com/oe/0350263,"0350263 - Rod/strut, mounting, link/coupling rod OE number by OPEL, VAUXHALL",2026-08-08
77642685,0350609,https://spareto.com/oe/0350609,"0350609 - Rod/strut, link/coupling rod, repair kit OE number by OPEL, VAUXHALL",2026-08-08
77642688,4408904,https://spareto.com/oe/4408904,"4408904 - Rod/strut, sway bar, link/coupling rod, control/trailing arm kit, repair kit, link set OE number by GENERAL MOTORS, NISSAN, OPEL, RENAULT, VAUXHALL",2026-08-08
77642691,1223792,https://spareto.com/oe/1223792,"1223792 - Rod/strut, sway bar, link/coupling rod, repair kit, stabiliser bar OE number by FORD, FORD (CHANGAN), MAZDA, VOLVO",2026-08-08
77642693,4B3407151A,https://spareto.com/oe/4b3407151a,"4B3407151A - Track control arm, link set, repair kit, control arm/trailing arm, control/trailing arm, control/trailing arm kit OE number by AUDI, CUPRA, PORSCHE, SEAT, SKODA, VAG, VW",2026-08-08
77642702,4D0411317G,https://spareto.com/oe/4d0411317g,"4D0411317G - Rod/strut, suspension kit, link/coupling rod, control/trailing arm kit, link set, mounting, repair kit OE number by AUDI, CUPRA, PORSCHE, SEAT, SKODA, VAG, VW",2026-08-08
77642707,508739,https://spareto.com/oe/508739,"508739 - Rod/strut, control/trailing arm kit, link/coupling rod, repair kit, link set OE number by CITROËN, DS, OPEL, PEUGEOT, VW",2026-08-08
77642708,381750,https://spareto.com/oe/381750,"381750 - Tie rod end, rod assembly, tie rod end, control/trailing arm kit, tie rod, link set, repair kit OE number by CITROËN, CITROËN (DF-PSA), DS, PEUGEOT, TALBOT, VW",2026-08-08
77642709,364050,https://spareto.com/oe/364050,"364050 - Ball joint, track control arm, suspension kit, condenser, vacuum hose, oil hose, repair kit, fastening bolts OE number by CITROËN, DS, OPEL, PEUGEOT, RENAULT, VW",2026-08-08
77642747,96653235,https://spareto.com/oe/96653235,"96653235 - Shock absorber, exhaust tip, bush OE number by CHEVROLET, DAEWOO, GENERAL MOTORS, JEEP",2026-08-08
77642907,030145299F,https://spareto.com/oe/030145299f,"030145299F - Tensioner lever, v-ribbed belt set, belt tensioner, tensioner pulley, deflection/guide pulley, bolt, deflection pulley/guide pulley, v-ribbed belt set OE number by AUDI, CUPRA, PORSCHE, SEAT, SKODA, VAG, VW, VW (SVW)",2026-08-08
77642909,078903341J,https://spareto.com/oe/078903341j,"078903341J - Deflection/guide pulley OE number by AUDI, SEAT, SKODA, VAG, VW",2026-08-08
77642910,078109243K,https://spareto.com/oe/078109243k,"078109243K - Tensioner pulley, timing belt set, water pump &amp; timing belt set, water pump &amp; timing belt kit, timing belt kit OE number by AUDI, AUDI (FAW), CUPRA, PORSCHE, SEAT, SKODA, VAG, VW",2026-08-08
77642911,078109244G,https://spareto.com/oe/078109244g,"078109244G - Deflection/guide pulley, timing belt set, water pump &amp; timing belt set, tensioner pulley, water pump &amp; timing belt kit, timing belt kit, deflection pulley/guide pulley OE number by AUDI, AUDI (FAW), CUPRA, PORSCHE, SEAT, SKODA, VAG, VW",2026-08-08
77642912,078109243C,https://spareto.com/oe/078109243c,"078109243C - Tensioner pulley, timing belt set, water pump &amp; timing belt set, tension spring, timing belt kit OE number by AUDI, SEAT, SKODA, VAG, VW",2026-08-08
77642915,028145278J,https://spareto.com/oe/028145278j,"028145278J - Belt tensioner, tensioner pulley, water pump + v-ribbed belt set, v-ribbed belt set, deflection/guide pulley OE number by AUDI, CUPRA, PORSCHE, SEAT, SKODA, VAG, VW",2026-08-08
77642916,038145276,https://spareto.com/oe/038145276,"038145276 - Deflection/guide pulley, v-ribbed belt set, v-ribbed belt set OE number by AUDI, CUPRA, PORSCHE, SEAT, SKODA, VAG, VW",2026-08-08
77642917,06B109243,https://spareto.com/oe/06b109243,"06B109243 - Timing belt set, water pump &amp; timing belt set, tensioner pulley, water pump &amp; timing belt kit, timing belt kit OE number by AUDI, CUPRA, PORSCHE, SEAT, SKODA, VAG, VW, VW (FAW)",2026-08-08
77642918,074109243,https://spareto.com/oe/074109243,"074109243 - Water pump &amp; timing belt set, deflection/guide pulley, timing belt set, tensioner pulley, timing belt kit OE number by AUDI, SEAT, SKODA, VAG, VW",2026-08-08
77642920,06B109243B,https://spareto.com/oe/06b109243b,"06B109243B - Timing belt set, tensioner pulley, water pump &amp; timing belt set, deflection/guide pulley, tension spring, timing belt kit, water pump &amp; timing belt kit OE number by AUDI, CUPRA, PORSCHE, SEAT, SKODA, VAG, VW, VW (FAW), VW (SVW)",2026-08-08
77642925,045109244A,https://spareto.com/oe/045109244a,"045109244A - Deflection/guide pulley, water pump &amp; timing belt set, timing belt set, water pump &amp; timing belt kit, timing belt kit, deflection pulley/guide pulley OE number by AUDI, CUPRA, FORD, PORSCHE, SEAT, SKODA, VAG, VW",2026-08-08
77642926,026109243,https://spareto.com/oe/026109243,"026109243 - Tensioner pulley, timing belt set, water pump &amp; timing belt set, timing belt kit OE number by AUDI, CUPRA, PORSCHE, SEAT, SKODA, VAG, VW",2026-08-08
77642927,078109243R,https://spareto.com/oe/078109243r,"078109243R - Timing belt set, tensioner pulley, water pump &amp; timing belt set, water pump &amp; timing belt kit, belt tensioner, tension spring, timing belt kit OE number by AUDI, CUPRA, PORSCHE, SEAT, SKODA, VAG, VW",2026-08-08
77642928,078109244H,https://spareto.com/oe/078109244h,"078109244H - Timing belt set, deflection/guide pulley, water pump &amp; timing belt set, water pump &amp; timing belt kit, timing belt kit OE number by AUDI, AUDI (FAW), CUPRA, PORSCHE, SEAT, SKODA, VAG, VW, VW (SVW)",2026-08-08
77642934,1130940048,https://spareto.com/oe/1130940048,"1130940048 - Air mass sensor, air flow sensor, mass air flow sensor OE number by EVOBUS, MERCEDES-BENZ, PUCH, STEYR, STEYR MOTORS",2026-08-08
77642935,0000940948,https://spareto.com/oe/0000940948,"0000940948 - Air mass sensor, air flow sensor, mass air flow sensor, volume air flow sensor OE number by EVOBUS, MERCEDES-BENZ, SMART, SSANGYONG",2026-08-08
77642949,1J0411315C,https://spareto.com/oe/1j0411315c,"1J0411315C - Rod/strut, mounting, link/coupling rod, repair kit, control/trailing arm kit, link set, bushing OE number by AUDI, CUPRA, PORSCHE, SEAT, SKODA, VAG, VW, VW (FAW)",2026-08-08
77642950,7H0411317,https://spareto.com/oe/7h0411317,"7H0411317 - Rod/strut, repair kit, link/coupling rod OE number by AUDI, CUPRA, PORSCHE, SEAT, SKODA, VAG, VW",2026-08-08
77642978,96226988,https://spareto.com/oe/96226988,"96226988 - Coil spring, suspension spring OE number by CHEVROLET, DAEWOO, GENERAL MOTORS",2026-08-08
77643113,26026340,https://spareto.com/oe/26026340,26026340 - Steering gear OE number by DAEWOO,2026-08-08
77643113,96275011,https://spareto.com/oe/96275011,96275011 - Steering gear OE number by DAEWOO,2026-08-08
7764322,026198421,https://spareto.com/oe/026198421,"026198421 - Thrust washer, thrust washer set OE number by AUDI, CUPRA, SEAT, SKODA, VAG, VW",2026-08-08
77643388,0004209820,https://spareto.com/oe/0004209820,"0004209820 - Brake pad set, accessory kit OE number by EVOBUS, MERCEDES-BENZ, SMART, SSANGYONG",2026-08-08
77643390,058109243E,https://spareto.com/oe/058109243e,"058109243E - Timing belt set, tensioner pulley, water pump &amp; timing belt set, timing belt kit OE number by AUDI, AUDI (FAW), CUPRA, PORSCHE, SEAT, SKODA, VAG, VW",2026-08-08
77643400,1J0698151,https://spareto.com/oe/1j0698151,"1J0698151 - Brake pad set, gasket, brake set, high performance brake pad set, brake kit OE number by AUDI, CUPRA, JETTA, PORSCHE, SEAT, SKODA, SKODA (SVW), VAG, VW, VW (FAW), VW (SVW)",2026-08-08
77643402,074109243E,https://spareto.com/oe/074109243e,"074109243E - Tensioner pulley, timing belt set, water pump &amp; timing belt set, tensioner, tension spring, water pump &amp; timing belt kit, timing belt kit OE number by AUDI, CUPRA, PORSCHE, SEAT, SKODA, VAG, VW",2026-08-08
77643469,038105243K,https://spareto.com/oe/038105243k,"038105243K - Belt pulley, belt pulley set OE number by AUDI, CUPRA, PORSCHE, SEAT, SKODA, VAG, VW, VW (FAW)",2026-08-08
77643485,7166796,https://spareto.com/oe/7166796,"7166796 - Clutch release bearing, clutch kit OE number by FORD, MAZDA",2026-08-08
77643521,1351731,https://spareto.com/oe/1351731,"1351731 - Belt pulley, belt pulley set, centre rod assembly OE number by DAF, FORD",2026-08-08
7764356,811407625B,https://spareto.com/oe/811407625b,"811407625B - Wheel bearing kit, wheel bearing OE number by AUDI, CUPRA, PORSCHE, SEAT, SKODA, VAG, VW",2026-08-08
77643653,038103085,https://spareto.com/oe/038103085,"038103085 - Shaft seal, timing chain kit OE number by AUDI, AUDI (FAW), CUPRA, PORSCHE, SEAT, SKODA, VAG, VW, VW (FAW)",2026-08-08
77643654,06E103051A,https://spareto.com/oe/06e103051a,"06E103051A - Shaft seal OE number by AUDI, VW",2026-08-08
77643655,06A103171A,https://spareto.com/oe/06a103171a,"06A103171A - Shaft seal, full gasket set, gasket OE number by AUDI, AUDI (FAW), CUPRA, FORD, PORSCHE, SEAT, SKODA, VAG, VW, VW (FAW), VW (SVW)",2026-08-08
77643742,2K0611775D,https://spareto.com/oe/2k0611775d,"2K0611775D - Flexible brake pipe, brake hose, wheel brake cylinder OE number by AUDI, SEAT, SKODA, VAG, VW",2026-08-08
77643750,2D0611775,https://spareto.com/oe/2d0611775,"2D0611775 - Brake hose OE number by SEAT, SKODA, VAG, VW",2026-08-08
77643752,7D0611702,https://spareto.com/oe/7d0611702,"7D0611702 - Brake hose, wheel brake cylinder OE number by SEAT, SKODA, VAG, VW",2026-08-08
77643754,6Q0611701F,https://spareto.com/oe/6q0611701f,"6Q0611701F - Brake hose, wheel brake cylinder, brake hose set OE number by AUDI, SEAT, SKODA, VAG, VW",2026-08-08
77643755,1K0611701B,https://spareto.com/oe/1k0611701b,"1K0611701B - Brake hose, brake hose set OE number by AUDI, CUPRA, PORSCHE, SEAT, SKODA, VAG, VW, VW (FAW), VW (SVW)",2026-08-08
77643756,1K0611775C,https://spareto.com/oe/1k0611775c,"1K0611775C - Brake hose, flexible brake pipe, brake master cylinder, brake hose set OE number by AUDI, CUPRA, PORSCHE, SEAT, SKODA, VAG, VW",2026-08-08
77643757,7H0611701D,https://spareto.com/oe/7h0611701d,"7H0611701D - Brake hose, flexible brake pipe, wheel brake cylinder OE number by AUDI, SEAT, SKODA, VAG, VW",2026-08-08
77643758,7H0611776,https://spareto.com/oe/7h0611776,"7H0611776 - Brake hose, flexible brake pipe, wheel brake cylinder OE number by AUDI, CUPRA, PORSCHE, SEAT, SKODA, VAG, VW",2026-08-08
77643759,7H0611775,https://spareto.com/oe/7h0611775,"7H0611775 - Brake hose, flexible brake pipe, wheel brake cylinder OE number by AUDI, CHEVROLET, CHRYSLER, CUPRA, PORSCHE, SEAT, SKODA, VAG, VW",2026-08-08
77643760,7H8611701B,https://spareto.com/oe/7h8611701b,"7H8611701B - Brake hose, wheel brake cylinder OE number by AUDI, SEAT, SKODA, VAG, VW",2026-08-08
77643762,281611775B,https://spareto.com/oe/281611775b,"281611775B - Brake hose, wheel brake cylinder OE number by AUDI, CUPRA, PORSCHE, SEAT, SKODA, VAG, VW",2026-08-08
77643763,171611701G,https://spareto.com/oe/171611701g,"171611701G - Brake hose OE number by AUDI, CUPRA, PORSCHE, SEAT, SKODA, VAG, VW",2026-08-08
77643764,251611775B,https://spareto.com/oe/251611775b,"251611775B - Brake hose, air filter, flexible brake pipe OE number by AUDI, CUPRA, PORSCHE, SEAT, SKODA, VAG, VW",2026-08-08
77643767,562344,https://spareto.com/oe/562344,"562344 - Brake hose, brake master cylinder, flexible brake pipe OE number by BEDFORD, DAEWOO, GENERAL MOTORS, OPEL, VAUXHALL",2026-08-08
77643769,90235568,https://spareto.com/oe/90235568,"90235568 - Brake hose, brake master cylinder OE number by CHEVROLET, DAEWOO, GENERAL MOTORS, OPEL, SAAB, VAUXHALL",2026-08-08
77643775,171611775,https://spareto.com/oe/171611775,"171611775 - Brake hose, flexible brake pipe, wheel brake cylinder OE number by AUDI, CUPRA, PORSCHE, SEAT, SKODA, STEYR, VAG, VW, VW (FAW)",2026-08-08
77643778,6001547819,https://spareto.com/oe/6001547819,"6001547819 - Brake hose, flexible brake pipe, brake master cylinder OE number by DACIA, LADA, RENAULT",2026-08-08
77643780,6N0611701B,https://spareto.com/oe/6n0611701b,"6N0611701B - Brake hose, flexible brake pipe, wheel brake cylinder OE number by AUDI, SEAT, SKODA, VAG, VW",2026-08-08
77643781,8D0611775B,https://spareto.com/oe/8d0611775b,"8D0611775B - Brake hose, flexible brake pipe, brake master cylinder OE number by AUDI, SEAT, SKODA, VAG, VW",2026-08-08
77643784,6X0611775,https://spareto.com/oe/6x0611775,"6X0611775 - Brake hose, brake master cylinder OE number by AUDI, CUPRA, PORSCHE, SEAT, SKODA, VAG, VW, VW (FAW), VW (SVW)",2026-08-08
77643815,06E903133A,https://spareto.com/oe/06e903133a,"06E903133A - Belt tensioner, tensioner lever, tensioner pulley, deflection/guide pulley, v-ribbed belt set, water pump + v-ribbed belt set OE number by AUDI, CUPRA, MAZDA, PORSCHE, SEAT, SKODA, VAG, VW",2026-08-08
77643816,03L109243E,https://spareto.com/oe/03l109243e,"03L109243E - Tensioner pulley, water pump &amp; timing belt set, timing belt set, tension spring, tensioner, timing belt kit OE number by AUDI, CUPRA, PORSCHE, SEAT, SKODA, VAG, VW",2026-08-08
77643817,03G109244,https://spareto.com/oe/03g109244,"03G109244 - Deflection/guide pulley, water pump &amp; timing belt set, timing belt set, tensioner pulley, tension spring, pulley kit, timing belt kit, deflection pulley/guide pulley OE number by AUDI, CUPRA, PORSCHE, SEAT, SKODA, VAG, VW",2026-08-08
77643818,06D109243B,https://spareto.com/oe/06d109243b,"06D109243B - Tensioner pulley, water pump &amp; timing belt set, timing belt set, timing belt kit, tension spring OE number by AUDI, AUDI (FAW), CUPRA, PORSCHE, SEAT, SKODA, VAG, VW",2026-08-08
77643819,06D109244E,https://spareto.com/oe/06d109244e,"06D109244E - Water pump &amp; timing belt set, timing belt set, deflection/guide pulley, tensioner pulley, timing belt kit, water pump &amp; timing belt kit, deflection pulley/guide pulley OE number by AUDI, AUDI (FAW), CUPRA, PORSCHE, SEAT, SKODA, VAG, VW",2026-08-08
77643821,074130245,https://spareto.com/oe/074130245,"074130245 - Tensioner pulley, timing belt set, water pump &amp; timing belt set, deflection/guide pulley, water pump &amp; timing belt kit, timing belt kit OE number by AUDI, CUPRA, PORSCHE, SEAT, SKODA, VAG, VW",2026-08-08
77643822,030109243K,https://spareto.com/oe/030109243k,"030109243K - Water pump &amp; timing belt set, timing belt set, tensioner pulley, timing belt kit OE number by AUDI, CUPRA, PORSCHE, SEAT, SKODA, VAG, VW",2026-08-08
77643825,045109243C,https://spareto.com/oe/045109243c,"045109243C - Water pump &amp; timing belt set, tensioner pulley, timing belt set, water pump &amp; timing belt kit, timing belt kit OE number by AUDI, CUPRA, SEAT, SKODA, VAG, VW",2026-08-08
77643827,07K145172B,https://spareto.com/oe/07k145172b,"07K145172B - Deflection/guide pulley, tensioner pulley, deflection pulley/guide pulley, tensioner lever OE number by AUDI, SEAT, SKODA, VAG, VW",2026-08-08
77643828,07K145172C,https://spareto.com/oe/07k145172c,"07K145172C - Deflection/guide pulley, tensioner pulley, deflection pulley/guide pulley, belt tensioner OE number by AUDI, SEAT, SKODA, VAG, VW",2026-08-08
77643845,036109244C,https://spareto.com/oe/036109244c,"036109244C - Deflection/guide pulley, water pump &amp; timing belt set, timing belt set, timing belt kit, water pump &amp; timing belt kit, deflection pulley/guide pulley OE number by AUDI, CUPRA, PORSCHE, SEAT, SKODA, VAG, VW",2026-08-08
77643934,344307,https://spareto.com/oe/344307,"344307 - Shock absorber OE number by OPEL, VAUXHALL",2026-08-08
77643947,6171800125,https://spareto.com/oe/6171800125,"6171800125 - Oil filter, oil filter OE number by MERCEDES-BENZ",2026-08-08
77643960,06A903315E,https://spareto.com/oe/06a903315e,"06A903315E - V-ribbed belt set, tensioner pulley, tensioner lever, belt tensioner, deflection/guide pulley OE number by AUDI, CUPRA, PORSCHE, SEAT, SKODA, VAG, VW",2026-08-08
77643975,036109181A,https://spareto.com/oe/036109181a,"036109181A - Water pump &amp; timing belt set, timing belt set, deflection/guide pulley, tensioner pulley, water pump &amp; timing belt kit, timing belt kit, deflection pulley/guide pulley OE number by AUDI, CUPRA, PORSCHE, SEAT, SKODA, VAG, VW, VW (SVW)",2026-08-08
77643976,06B109244,https://spareto.com/oe/06b109244,"06B109244 - Water pump &amp; timing belt set, timing belt set, deflection/guide pulley, timing belt kit, water pump &amp; timing belt kit, tensioner pulley, deflection pulley/guide pulley OE number by AUDI, AUDI (FAW), CUPRA, PORSCHE, SEAT, SKODA, VAG, VW, VW (FAW), VW (SVW)",2026-08-08
77644004,8D0598625,https://spareto.com/oe/8d0598625,"8D0598625 - Wheel bearing kit, stub axle OE number by AUDI, SEAT, SKODA, VAG, VW",2026-08-08
77644156,YC155310FC,https://spareto.com/oe/yc155310fc,"YC155310FC - Coil spring, suspension spring OE number by FORD",2026-08-08
77644210,3B0511115S,https://spareto.com/oe/3b0511115s,"3B0511115S - Coil spring, suspension spring OE number by AUDI, SKODA, VAG, VW",2026-08-08
77644310,034105707,https://spareto.com/oe/034105707,"034105707 - Conrod bearing set, big end bearings OE number by AUDI, CUPRA, VAG, VW",2026-08-08
77644372,074121096D,https://spareto.com/oe/074121096d,"074121096D - Radiator hose, heater hose, heater hose, oil hose OE number by AUDI, CUPRA, PORSCHE, SEAT, SKODA, VAG, VW",2026-08-08
77644373,074121109A,https://spareto.com/oe/074121109a,"074121109A - Radiator hose, heater hose, heater hose OE number by AUDI, SEAT, SKODA, VAG, VW",2026-08-08
7764438,51905207,https://spareto.com/oe/51905207,"51905207 - Distributor cap OE number by AUDI, SEAT, SKODA, VAG, VW",2026-08-08
77644503,352343,https://spareto.com/oe/352343,"352343 - Control arm-/trailing arm bush, track control arm, bush, tie rod end, sleeve, tie rod end, mounting OE number by CITROËN, DS, MCCORMICK, OPEL, PEUGEOT, VAUXHALL",2026-08-08
77644764,1110180302,https://spareto.com/oe/1110180302,"1110180302 - Sealing cap, cap OE number by EVOBUS, MERCEDES-BENZ, SMART, SSANGYONG",2026-08-08
77644981,7700768319,https://spareto.com/oe/7700768319,"7700768319 - Wheel hub, wheel bearing kit, wheel hub OE number by DACIA, NISSAN, RENAULT, RENAULT TRUCKS",2026-08-08
77645142,191837206A,https://spareto.com/oe/191837206a,"191837206A - Door handle, exterior door handle OE number by AUDI, CUPRA, PORSCHE, SEAT, SKODA, VAG, VW",2026-08-08
77645167,0003232885,https://spareto.com/oe/0003232885,"0003232885 - Mounting, bush, mc pherson column fitting elements OE number by EVOBUS, MERCEDES-BENZ",2026-08-08
7764526,90425658,https://spareto.com/oe/90425658,"90425658 - Wheel bearing kit, wheel bearing, wheel hub OE number by CHEVROLET, GENERAL MOTORS, OPEL, SAAB, VAUXHALL",2026-08-08
77645355,027141031,https://spareto.com/oe/027141031,"027141031 - Clutch kit, clutch disc OE number by VW",2026-08-08
77645530,9949516,https://spareto.com/oe/9949516,"9949516 - Brake pad set, brake set OE number by CITROËN, FERRARI, FIAT, VW",2026-08-08
77645531,9949407,https://spareto.com/oe/9949407,"9949407 - Brake pad set, brake pads set OE number by ALFA ROMEO, CITROËN, FERRARI, FIAT, IVECO, LANCIA, OPEL, VAUXHALL, VW",2026-08-08
77645539,93167662,https://spareto.com/oe/93167662,"93167662 - Brake pad set, brake set OE number by CHEVROLET, GENERAL MOTORS, HOLDEN, NISSAN, OPEL, SAAB, VAUXHALL, VW",2026-08-08
77645562,7701205996,https://spareto.com/oe/7701205996,"7701205996 - Brake pad set, gasket OE number by DACIA, NISSAN, PEUGEOT, RENAULT, RENAULT TRUCKS",2026-08-08
776457,441407151C,https://spareto.com/oe/441407151c,"441407151C - Track control arm, control/trailing arm OE number by AUDI, VAG, VW",2026-08-08
77645703,2E0407303P,https://spareto.com/oe/2e0407303p,"2E0407303P - Wheel bearing kit, wheel hub, wheel hub, wheel bearing OE number by AUDI, CUPRA, MERCEDES-BENZ, PORSCHE, SEAT, SKODA, VAG, VW",2026-08-08
77645783,9170G3,https://spareto.com/oe/9170g3,"9170G3 - Lock cylinder kit, lock cylinder, lock set OE number by CITROËN, PEUGEOT",2026-08-08
77645785,6R0905865,https://spareto.com/oe/6r0905865,"6R0905865 - Ignition-/starter switch, ignition switch OE number by AUDI, CUPRA, PORSCHE, SEAT, SKODA, VAG, VW",2026-08-08
77645790,1C0945511A,https://spareto.com/oe/1c0945511a,"1C0945511A - Brake light switch, reverse lights switch-key, switch, stop light switch OE number by AUDI, CUPRA, PORSCHE, SEAT, SKODA, VAG, VW",2026-08-08
77645833,4A9511115AA,https://spareto.com/oe/4a9511115aa,"4A9511115AA - Coil spring, suspension spring OE number by AUDI, VAG",2026-08-08
77645834,6C115310HE,https://spareto.com/oe/6c115310he,"6C115310HE - Coil spring, suspension spring, suspension kit OE number by FORD",2026-08-08
77645835,91AB5560EC,https://spareto.com/oe/91ab5560ec,"91AB5560EC - Coil spring, suspension spring OE number by FORD",2026-08-08
7764596,026198491,https://spareto.com/oe/026198491,"026198491 - Crankshaft bearings, crankshaft bearing set OE number by AUDI, CUPRA, MAZDA, VAG, VW",2026-08-08
7764597,068198493,https://spareto.com/oe/068198493,068198493 - Crankshaft bearing set OE number by VW,2026-08-08
77645998,701407187B,https://spareto.com/oe/701407187b,"701407187B - Ball joint, control/trailing arm kit, ball head OE number by AUDI, CUPRA, PORSCHE, SEAT, SKODA, VAG, VW",2026-08-08
776460,441407152C,https://spareto.com/oe/441407152c,"441407152C - Track control arm, control/trailing arm OE number by AUDI, VAG, VW",2026-08-08
77646018,4A0411105,https://spareto.com/oe/4a0411105,"4A0411105 - Coil spring, suspension spring OE number by AUDI",2026-08-08
77646019,4A5511115P,https://spareto.com/oe/4a5511115p,"4A5511115P - Coil spring, suspension spring OE number by AUDI, VAG",2026-08-08
77646021,321511115F,https://spareto.com/oe/321511115f,321511115F - Coil spring OE number by VW,2026-08-08
77646023,333511105,https://spareto.com/oe/333511105,"333511105 - Coil spring, suspension kit, suspension spring OE number by VAG, VW",2026-08-08
77646121,6Q0407621CB,https://spareto.com/oe/6q0407621cb,"6Q0407621CB - Wheel bearing kit, wheel hub, wheel bearing, wheel hub OE number by AUDI, SEAT, SKODA, VAG, VW",2026-08-08
77646175,4A9511115AA,https://spareto.com/oe/4a9511115aa,"4A9511115AA - Coil spring, suspension spring OE number by AUDI, VAG",2026-08-08
77646284,038105561A,https://spareto.com/oe/038105561a,"038105561A - Crankshaft bearings, crankshaft bearing set OE number by AUDI, CUPRA, VAG, VW",2026-08-08
77646363,02090F,https://spareto.com/oe/02090f,"02090F - Gasket OE number by CITROËN, DS, FIAT, PEUGEOT",2026-08-08
77646436,543020044R,https://spareto.com/oe/543020044r,"543020044R - Shock absorber, suspension kit OE number by OPEL, RENAULT, RENAULT TRUCKS",2026-08-08
77646447,5206QQ,https://spareto.com/oe/5206qq,"5206QQ - Shock absorber OE number by CITROËN, PEUGEOT",2026-08-08
77646451,1544026,https://spareto.com/oe/1544026,1544026 - Shock absorber OE number by FORD,2026-08-08
77646473,562100015R,https://spareto.com/oe/562100015r,"562100015R - Shock absorber OE number by GENERAL MOTORS, RENAULT",2026-08-08
77646529,5531034300,https://spareto.com/oe/5531034300,5531034300 - Shock absorber OE number by HYUNDAI,2026-08-08
776467310,8200335195,https://spareto.com/oe/8200335195,8200335195 - Shock absorber OE number by RENAULT,2026-08-08
776467311,8200122947,https://spareto.com/oe/8200122947,8200122947 - Shock absorber OE number by RENAULT,2026-08-08
7764676,443419811A,https://spareto.com/oe/443419811a,"443419811A - Tie rod end, tie rod end OE number by AUDI, SEAT, SKODA, VAG, VW",2026-08-08
77647294,1697748,https://spareto.com/oe/1697748,"1697748 - Shock absorber, bush OE number by FORD",2026-08-08
77647295,9805824480,https://spareto.com/oe/9805824480,"9805824480 - Shock absorber OE number by CITROËN, PEUGEOT",2026-08-08
77647296,9805824380,https://spareto.com/oe/9805824380,"9805824380 - Shock absorber OE number by CITROËN, PEUGEOT",2026-08-08
77647299,9674665480,https://spareto.com/oe/9674665480,"9674665480 - Shock absorber OE number by CITROËN, PEUGEOT",2026-08-08
77647302,1693276,https://spareto.com/oe/1693276,1693276 - Shock absorber OE number by FORD,2026-08-08
77647303,1689386,https://spareto.com/oe/1689386,1689386 - Shock absorber OE number by FORD,2026-08-08
77647304,1690801,https://spareto.com/oe/1690801,1690801 - Shock absorber OE number by FORD,2026-08-08
77647451,1233500068,https://spareto.com/oe/1233500068,"1233500068 - Wheel bearing kit OE number by MERCEDES-BENZ, SMART",2026-08-08
77647455,2103261400,https://spareto.com/oe/2103261400,2103261400 - Shock absorber OE number by MERCEDES-BENZ,2026-08-08
77647456,2103234900,https://spareto.com/oe/2103234900,2103234900 - Shock absorber OE number by MERCEDES-BENZ,2026-08-08
77647535,1603211,https://spareto.com/oe/1603211,"1603211 - Wheel bearing kit, wheel hub, wheel hub, repair kit OE number by GENERAL MOTORS, OPEL, VAUXHALL",2026-08-08
77647536,1606635580,https://spareto.com/oe/1606635580,"1606635580 - Wheel bearing kit, wheel hub, wheel hub, repair kit, drive shaft, wheel bearing OE number by CITROËN, DS, PEUGEOT",2026-08-08
77647537,3G0598611A,https://spareto.com/oe/3g0598611a,"3G0598611A - Wheel bearing kit, wheel hub, wheel hub, repair kit, wheel bearing OE number by AUDI, CUPRA, PORSCHE, SEAT, SKODA, VAG, VW",2026-08-08
77647538,7H0498611,https://spareto.com/oe/7h0498611,"7H0498611 - Wheel bearing kit, wheel hub, steering knuckle, wheel hub, wheel bearings set OE number by AUDI, CUPRA, PORSCHE, SEAT, SKODA, VAG, VW",2026-08-08
77647539,1604003,https://spareto.com/oe/1604003,"1604003 - Wheel bearing kit, wheel hub, wheel hub OE number by GENERAL MOTORS, OPEL, VAUXHALL",2026-08-08
77647540,1471852,https://spareto.com/oe/1471852,"1471852 - Wheel bearing kit, wheel hub, wheel hub, wheel bearings set OE number by FORD",2026-08-08
77647542,1463833,https://spareto.com/oe/1463833,"1463833 - Wheel bearing kit, wheel hub, wheel hub, repair kit OE number by FORD",2026-08-08
77647547,55703172,https://spareto.com/oe/55703172,"55703172 - Wheel bearing kit OE number by ABARTH, ALFA ROMEO, DACIA, FIAT, LANCIA, OPEL, PEUGEOT, VAUXHALL",2026-08-08
77647551,5890987,https://spareto.com/oe/5890987,"5890987 - Wheel bearing kit, wheel hub OE number by ALFA ROMEO, FIAT, IVECO, LANCIA",2026-08-08
77647552,335032,https://spareto.com/oe/335032,"335032 - Wheel bearing kit, wheel bearing, wheel hub OE number by ALFA ROMEO, CITROËN, DS, PEUGEOT",2026-08-08
77647553,1133023,https://spareto.com/oe/1133023,"1133023 - Wheel bearing, wheel bearing kit OE number by FORD",2026-08-08
77647554,335092,https://spareto.com/oe/335092,"335092 - Wheel bearing kit, wheel bearing OE number by CITROËN, DS, PEUGEOT",2026-08-08
77647555,71753820,https://spareto.com/oe/71753820,"71753820 - Wheel bearing kit, wheel hub, wheel bearing OE number by ALFA ROMEO, FIAT, IVECO, LANCIA, OPEL",2026-08-08
77647556,335027,https://spareto.com/oe/335027,"335027 - Wheel bearing kit, wheel bearing, wheel hub OE number by CITROËN, FIAT, PEUGEOT, VW",2026-08-08
77647557,5025900,https://spareto.com/oe/5025900,"5025900 - Wheel bearing kit, wheel bearing OE number by FORD",2026-08-08
77647558,7701206771,https://spareto.com/oe/7701206771,"7701206771 - Wheel bearing kit, wheel bearing OE number by RENAULT, RENAULT TRUCKS",2026-08-08
77647559,374883,https://spareto.com/oe/374883,"374883 - Wheel bearing kit, brake disc, drive shaft, joint kit OE number by CITROËN, CITROËN (DF-PSA), DS, OPEL, PEUGEOT, PEUGEOT (DF-PSA), VAUXHALL, VW",2026-08-08
77647560,335082,https://spareto.com/oe/335082,"335082 - Wheel bearing kit, wheel bearing OE number by CITROËN, DS, PEUGEOT",2026-08-08
77647561,7L0498287,https://spareto.com/oe/7l0498287,"7L0498287 - Wheel bearing kit OE number by AUDI, CUPRA, PORSCHE, SEAT, SKODA, VAG, VW",2026-08-08
77647563,1582282,https://spareto.com/oe/1582282,"1582282 - Wheel bearing kit, wheel bearing OE number by FORD, FORD ASIA &amp; OCEANIA, MAZDA",2026-08-08
77647574,374883,https://spareto.com/oe/374883,"374883 - Wheel bearing kit, brake disc, drive shaft, joint kit OE number by CITROËN, CITROËN (DF-PSA), DS, OPEL, PEUGEOT, PEUGEOT (DF-PSA), VAUXHALL, VW",2026-08-08
77647576,5025900,https://spareto.com/oe/5025900,"5025900 - Wheel bearing kit, wheel bearing OE number by FORD",2026-08-08
77647579,1649810106,https://spareto.com/oe/1649810106,"1649810106 - Wheel bearing kit, wheel bearing, wheel hub OE number by MERCEDES-BENZ, SMART",2026-08-08
77647584,335082,https://spareto.com/oe/335082,"335082 - Wheel bearing kit, wheel bearing OE number by CITROËN, DS, PEUGEOT",2026-08-08
77647588,55703172,https://spareto.com/oe/55703172,"55703172 - Wheel bearing kit OE number by ABARTH, ALFA ROMEO, DACIA, FIAT, LANCIA, OPEL, PEUGEOT, VAUXHALL",2026-08-08
77647589,71753820,https://spareto.com/oe/71753820,"71753820 - Wheel bearing kit, wheel hub, wheel bearing OE number by ALFA ROMEO, FIAT, IVECO, LANCIA, OPEL",2026-08-08
77647595,335027,https://spareto.com/oe/335027,"335027 - Wheel bearing kit, wheel bearing, wheel hub OE number by CITROËN, FIAT, PEUGEOT, VW",2026-08-08
77647596,335027,https://spareto.com/oe/335027,"335027 - Wheel bearing kit, wheel bearing, wheel hub OE number by CITROËN, FIAT, PEUGEOT, VW",2026-08-08
77647597,335092,https://spareto.com/oe/335092,"335092 - Wheel bearing kit, wheel bearing OE number by CITROËN, DS, PEUGEOT",2026-08-08
77647598,335032,https://spareto.com/oe/335032,"335032 - Wheel bearing kit, wheel bearing, wheel hub OE number by ALFA ROMEO, CITROËN, DS, PEUGEOT",2026-08-08
77647600,1582282,https://spareto.com/oe/1582282,"1582282 - Wheel bearing kit, wheel bearing OE number by FORD, FORD ASIA &amp; OCEANIA, MAZDA",2026-08-08
77647604,1836381,https://spareto.com/oe/1836381,"1836381 - Wheel bearing kit, wheel bearing OE number by FORD",2026-08-08
77647606,99825736,https://spareto.com/oe/99825736,"99825736 - Wheel bearing kit, wheel hub, wheel bearing OE number by FIAT, IVECO",2026-08-08
77647609,7L0498287,https://spareto.com/oe/7l0498287,"7L0498287 - Wheel bearing kit OE number by AUDI, CUPRA, PORSCHE, SEAT, SKODA, VAG, VW",2026-08-08
77647618,4E0498625B,https://spareto.com/oe/4e0498625b,"4E0498625B - Wheel bearing kit, wheel hub, wheel hub OE number by AUDI, CUPRA, PORSCHE, SEAT, SKODA, VAG, VW",2026-08-08
77647624,3G0598611A,https://spareto.com/oe/3g0598611a,"3G0598611A - Wheel bearing kit, wheel hub, wheel hub, repair kit, wheel bearing OE number by AUDI, CUPRA, PORSCHE, SEAT, SKODA, VAG, VW",2026-08-08
77647625,8K0598611,https://spareto.com/oe/8k0598611,"8K0598611 - Wheel bearing kit, wheel hub, wheel hub OE number by AUDI, CUPRA, PORSCHE, SEAT, SKODA, VAG, VW",2026-08-08
77647627,1471852,https://spareto.com/oe/1471852,"1471852 - Wheel bearing kit, wheel hub, wheel hub, wheel bearings set OE number by FORD",2026-08-08
77647630,1606635580,https://spareto.com/oe/1606635580,"1606635580 - Wheel bearing kit, wheel hub, wheel hub, repair kit, drive shaft, wheel bearing OE number by CITROËN, DS, PEUGEOT",2026-08-08
77647631,1463833,https://spareto.com/oe/1463833,"1463833 - Wheel bearing kit, wheel hub, wheel hub, repair kit OE number by FORD",2026-08-08
77647637,7H0498611,https://spareto.com/oe/7h0498611,"7H0498611 - Wheel bearing kit, wheel hub, steering knuckle, wheel hub, wheel bearings set OE number by AUDI, CUPRA, PORSCHE, SEAT, SKODA, VAG, VW",2026-08-08
77647657,1110560,https://spareto.com/oe/1110560,"1110560 - Coil spring, suspension spring, suspension kit OE number by FORD",2026-08-08
77647671,50706261,https://spareto.com/oe/50706261,"50706261 - Coil spring, suspension spring OE number by FIAT",2026-08-08
77647680,6001547971,https://spareto.com/oe/6001547971,"6001547971 - Coil spring, suspension spring OE number by DACIA, RENAULT",2026-08-08
77647722,078903133AB,https://spareto.com/oe/078903133ab,"078903133AB - V-ribbed belt set, tensioner lever, tensioner pulley, belt tensioner, deflection/guide pulley OE number by AUDI, AUDI (FAW), SEAT, SKODA, VAG, VW, VW (SVW)",2026-08-08
77647741,06A103383AN,https://spareto.com/oe/06a103383an,"06A103383AN - Gasket OE number by AUDI, CUPRA, PORSCHE, SEAT, SKODA, VAG, VW",2026-08-08
7764779,058141117A,https://spareto.com/oe/058141117a,"058141117A - Clutch pressure plate, clutch kit OE number by AUDI, SKODA, VAG, VW",2026-08-08
77648085,2033300051,https://spareto.com/oe/2033300051,"2033300051 - Wheel bearing kit, wheel bearings set OE number by MERCEDES-BENZ, MERCEDES-BENZ (BBDC), SMART",2026-08-08
77648102,94535218,https://spareto.com/oe/94535218,"94535218 - Wheel bearing kit, brake disc, brake drum, wheel bearing OE number by CHEVROLET, DAEWOO, OPEL",2026-08-08
77648182,2033300051,https://spareto.com/oe/2033300051,"2033300051 - Wheel bearing kit, wheel bearings set OE number by MERCEDES-BENZ, MERCEDES-BENZ (BBDC), SMART",2026-08-08
77648211,1085565,https://spareto.com/oe/1085565,"1085565 - Wheel bearing kit, wheel bearing, bearing, stub axle OE number by FORD",2026-08-08
77648256,6C111A049DA,https://spareto.com/oe/6c111a049da,"6C111A049DA - Wheel bearing kit, wheel hub, wheel hub OE number by FORD, FORD USA",2026-08-08
7764844,4B0412031CE,https://spareto.com/oe/4b0412031ce,"4B0412031CE - Shock absorber, diffusing lens OE number by AUDI, SEAT, SKODA, VAG, VW",2026-08-08
77648461,8D0513031D,https://spareto.com/oe/8d0513031d,"8D0513031D - Shock absorber, diffusing lens OE number by AUDI, SEAT, SKODA, VAG, VW",2026-08-08
77648463,3BD513031,https://spareto.com/oe/3bd513031,"3BD513031 - Shock absorber OE number by AUDI, SEAT, SKODA, VAG, VW",2026-08-08
77648466,7L6513029N,https://spareto.com/oe/7l6513029n,"7L6513029N - Shock absorber, bush, mounting OE number by VAG, VW",2026-08-08
77648467,1H9513031B,https://spareto.com/oe/1h9513031b,"1H9513031B - Shock absorber OE number by AUDI, SEAT, SKODA, VW",2026-08-08
77648468,251513031,https://spareto.com/oe/251513031,"251513031 - Shock absorber OE number by AUDI, SEAT, SKODA, VAG, VW",2026-08-08
77648469,251513031A,https://spareto.com/oe/251513031a,"251513031A - Shock absorber OE number by VAG, VW",2026-08-08
77648470,251413031G,https://spareto.com/oe/251413031g,"251413031G - Shock absorber OE number by VAG, VW",2026-08-08
77648471,251413031,https://spareto.com/oe/251413031,"251413031 - Shock absorber, diffusing lens OE number by AUDI, SEAT, SKODA, VAG, VW",2026-08-08
77648472,281413031C,https://spareto.com/oe/281413031c,"281413031C - Shock absorber OE number by NISSAN, VW",2026-08-08
77648473,291413031,https://spareto.com/oe/291413031,291413031 - Shock absorber OE number by VW,2026-08-08
77648474,281513031F,https://spareto.com/oe/281513031f,281513031F - Shock absorber OE number by VW,2026-08-08
77648475,291513031,https://spareto.com/oe/291513031,291513031 - Shock absorber OE number by VW,2026-08-08
77648476,7700312011,https://spareto.com/oe/7700312011,"7700312011 - Shock absorber, bush, engine mounting, mounting OE number by NISSAN, RENAULT",2026-08-08
77648477,6K9513031A,https://spareto.com/oe/6k9513031a,"6K9513031A - Shock absorber OE number by SEAT, VAG, VW",2026-08-08
77648478,5202EC,https://spareto.com/oe/5202ec,"5202EC - Shock absorber OE number by CITROËN, PEUGEOT",2026-08-08
77648479,5202CY,https://spareto.com/oe/5202cy,"5202CY - Shock absorber OE number by CITROËN, PEUGEOT, PEUGEOT (DF-PSA)",2026-08-08
77648480,5206EK,https://spareto.com/oe/5206ek,"5206EK - Shock absorber, diffusing lens OE number by CITROËN, PEUGEOT",2026-08-08
77648482,50707078,https://spareto.com/oe/50707078,"50707078 - Shock absorber, diffusing lens OE number by ALFAROME, CITROËN, FIAT, LANCI, VW",2026-08-08
7764862,701511105M,https://spareto.com/oe/701511105m,"701511105M - Coil spring, suspension spring OE number by SEAT, SKODA, VAG, VW",2026-08-08
77648682,0384L9,https://spareto.com/oe/0384l9,"0384L9 - Intercooler, charge air cooler OE number by CITROËN, PEUGEOT",2026-08-08
77648738,553102B211,https://spareto.com/oe/553102b211,"553102B211 - Shock absorber, bush, mounting OE number by HYUNDAI, KIA",2026-08-08
77648739,553004H050,https://spareto.com/oe/553004h050,553004H050 - Shock absorber OE number by HYUNDAI,2026-08-08
77648740,S553612E501,https://spareto.com/oe/s553612e501,"S553612E501 - Shock absorber OE number by HYUNDAI, KIA",2026-08-08
77648741,546604H650,https://spareto.com/oe/546604h650,"546604H650 - Shock absorber OE number by HYUNDAI, KIA",2026-08-08
77648742,4853002A00,https://spareto.com/oe/4853002a00,4853002A00 - Shock absorber OE number by TOYOTA,2026-08-08
77648743,4852080392,https://spareto.com/oe/4852080392,4852080392 - Shock absorber OE number by TOYOTA,2026-08-08
77648744,4851080698,https://spareto.com/oe/4851080698,4851080698 - Shock absorber OE number by TOYOTA,2026-08-08
776487446,GM9A34700C,https://spareto.com/oe/gm9a34700c,GM9A34700C - Shock absorber OE number by MAZDA,2026-08-08
776487447,GM9A34900C,https://spareto.com/oe/gm9a34900c,GM9A34900C - Shock absorber OE number by MAZDA,2026-08-08
77648745,GJ5A28700B,https://spareto.com/oe/gj5a28700b,GJ5A28700B - Shock absorber OE number by MAZDA,2026-08-08
77648748,2S6118146DA,https://spareto.com/oe/2s6118146da,2S6118146DA - Shock absorber OE number by FORD,2026-08-08
77648749,2S6118145DA,https://spareto.com/oe/2s6118145da,"2S6118145DA - Shock absorber OE number by FORD, FORD USA",2026-08-08
77648750,MR594131,https://spareto.com/oe/mr594131,"MR594131 - Shock absorber, bush OE number by MITSUBISHI, SMART",2026-08-08
77648751,MR594023,https://spareto.com/oe/mr594023,MR594023 - Shock absorber OE number by MITSUBISHI,2026-08-08
77648752,MR594024,https://spareto.com/oe/mr594024,MR594024 - Shock absorber OE number by MITSUBISHI,2026-08-08
77648753,MR589972,https://spareto.com/oe/mr589972,MR589972 - Shock absorber OE number by MITSUBISHI,2026-08-08
77648754,MR589639,https://spareto.com/oe/mr589639,"MR589639 - Shock absorber OE number by CHRYSLER, MITSUBISHI",2026-08-08
77648755,4853009660,https://spareto.com/oe/4853009660,4853009660 - Shock absorber OE number by TOYOTA,2026-08-08
77648756,553003E031,https://spareto.com/oe/553003e031,"553003E031 - Shock absorber OE number by HYUNDAI, KIA",2026-08-08
77648757,546303E031,https://spareto.com/oe/546303e031,"546303E031 - Shock absorber OE number by HYUNDAI, KIA",2026-08-08
77648758,546403E031,https://spareto.com/oe/546403e031,"546403E031 - Shock absorber OE number by HYUNDAI, KIA",2026-08-08
77648759,96342033,https://spareto.com/oe/96342033,"96342033 - Shock absorber OE number by CHEVROLET, DAEWOO, GENERAL MOTORS",2026-08-08
77648760,96316746,https://spareto.com/oe/96316746,"96316746 - Shock absorber OE number by CHEVROLET, DAEWOO, GENERAL MOTORS",2026-08-08
77648761,96316745,https://spareto.com/oe/96316745,"96316745 - Shock absorber OE number by CHEVROLET, DAEWOO, GENERAL MOTORS",2026-08-08
77648762,553101G310,https://spareto.com/oe/553101g310,"553101G310 - Shock absorber OE number by HYUNDAI, KIA",2026-08-08
77648763,553101E300,https://spareto.com/oe/553101e300,"553101E300 - Shock absorber OE number by DODGE, HYUNDAI",2026-08-08
77648764,546501E300,https://spareto.com/oe/546501e300,546501E300 - Shock absorber OE number by HYUNDAI,2026-08-08
77648765,546601E300,https://spareto.com/oe/546601e300,546601E300 - Shock absorber OE number by HYUNDAI,2026-08-08
77648766,A2113265200,https://spareto.com/oe/a2113265200,"A2113265200 - Shock absorber, diffusing lens OE number by MERCEDES-BENZ",2026-08-08
77648767,A1683261500,https://spareto.com/oe/a1683261500,A1683261500 - Shock absorber OE number by MERCEDES-BENZ,2026-08-08
77648768,A168320313064,https://spareto.com/oe/a168320313064,A168320313064 - Shock absorber OE number by MERCEDES-BENZ,2026-08-08
77648769,7M0513031L,https://spareto.com/oe/7m0513031l,"7M0513031L - Shock absorber, mounting OE number by AUDI, FORD, SEAT, SKODA, VAG, VW",2026-08-08
77648771,52611SEAE03,https://spareto.com/oe/52611seae03,52611SEAE03 - Shock absorber OE number by HONDA,2026-08-08
77648772,51605SEAE03,https://spareto.com/oe/51605seae03,51605SEAE03 - Shock absorber OE number by HONDA,2026-08-08
77648773,2033260700,https://spareto.com/oe/2033260700,"2033260700 - Shock absorber, diffusing lens OE number by MERCEDES-BENZ",2026-08-08
77648775,553104A500,https://spareto.com/oe/553104a500,553104A500 - Shock absorber OE number by HYUNDAI,2026-08-08
77648776,543104A500,https://spareto.com/oe/543104a500,543104A500 - Shock absorber OE number by HYUNDAI,2026-08-08
77648777,546113K130,https://spareto.com/oe/546113k130,546113K130 - Shock absorber OE number by HYUNDAI,2026-08-08
77648778,2023200031,https://spareto.com/oe/2023200031,2023200031 - Shock absorber OE number by MERCEDES-BENZ,2026-08-08
77648779,2023230500,https://spareto.com/oe/2023230500,2023230500 - Shock absorber OE number by MERCEDES-BENZ,2026-08-08
77648780,562104837R,https://spareto.com/oe/562104837r,"562104837R - Shock absorber, bush OE number by NISSAN, RENAULT",2026-08-08
77648781,54303JY01B,https://spareto.com/oe/54303jy01b,"54303JY01B - Shock absorber OE number by NISSAN, RENAULT",2026-08-08
77648782,54302JY01B,https://spareto.com/oe/54302jy01b,"54302JY01B - Shock absorber OE number by NISSAN, RENAULT",2026-08-08
77648783,562105043R,https://spareto.com/oe/562105043r,"562105043R - Shock absorber, spacer bush, top strut mounting, dust cover kit, repair kit, mounting, suspension strut support mount OE number by DACIA, RENAULT",2026-08-08
77648784,562103964R,https://spareto.com/oe/562103964r,"562103964R - Shock absorber OE number by DACIA, RENAULT",2026-08-08
77648785,543026656R,https://spareto.com/oe/543026656r,"543026656R - Shock absorber, suspension kit OE number by DACIA, RENAULT",2026-08-08
77648786,S553512E501,https://spareto.com/oe/s553512e501,"S553512E501 - Shock absorber OE number by HYUNDAI, KIA",2026-08-08
77648787,S553612E501,https://spareto.com/oe/s553612e501,"S553612E501 - Shock absorber OE number by HYUNDAI, KIA",2026-08-08
77648788,546512E500,https://spareto.com/oe/546512e500,"546512E500 - Shock absorber OE number by HYUNDAI, HYUNDAI (BEIJING), KIA",2026-08-08
77648789,546612E500,https://spareto.com/oe/546612e500,"546612E500 - Shock absorber OE number by HYUNDAI, HYUNDAI (BEIJING), KIA",2026-08-08
77648790,4854009660,https://spareto.com/oe/4854009660,4854009660 - Shock absorber OE number by TOYOTA,2026-08-08
77648791,4853089025,https://spareto.com/oe/4853089025,4853089025 - Shock absorber OE number by TOYOTA,2026-08-08
77648792,4852080090,https://spareto.com/oe/4852080090,4852080090 - Shock absorber OE number by TOYOTA,2026-08-08
77648793,4851009M90,https://spareto.com/oe/4851009m90,4851009M90 - Shock absorber OE number by TOYOTA,2026-08-08
77648794,4853069365,https://spareto.com/oe/4853069365,"4853069365 - Shock absorber, suspension strut mounting, bush, mounting OE number by LEXUS, TOYOTA",2026-08-08
77648795,4851069165,https://spareto.com/oe/4851069165,4851069165 - Shock absorber OE number by TOYOTA,2026-08-08
77648796,4162A130,https://spareto.com/oe/4162a130,"4162A130 - Shock absorber, bush OE number by MITSUBISHI",2026-08-08
77648797,4060A241,https://spareto.com/oe/4060a241,4060A241 - Shock absorber OE number by MITSUBISHI,2026-08-08
77648798,4060A242,https://spareto.com/oe/4060a242,4060A242 - Shock absorber OE number by MITSUBISHI,2026-08-08
77648799,4060A205,https://spareto.com/oe/4060a205,4060A205 - Shock absorber OE number by MITSUBISHI,2026-08-08
77648800,4060A206,https://spareto.com/oe/4060a206,4060A206 - Shock absorber OE number by MITSUBISHI,2026-08-08
77648801,4162A122,https://spareto.com/oe/4162a122,4162A122 - Shock absorber OE number by MITSUBISHI,2026-08-08
77648802,4852080228,https://spareto.com/oe/4852080228,"4852080228 - Shock absorber OE number by LEXUS, TOYOTA",2026-08-08
77648803,4851080490,https://spareto.com/oe/4851080490,"4851080490 - Shock absorber OE number by LEXUS, TOYOTA",2026-08-08
77648804,6Q0513025P,https://spareto.com/oe/6q0513025p,"6Q0513025P - Shock absorber OE number by AUDI, SEAT, SKODA, VAG, VW",2026-08-08
77648805,8E0513033,https://spareto.com/oe/8e0513033,"8E0513033 - Shock absorber OE number by AUDI, SEAT, SKODA, VAG, VW",2026-08-08
77648807,5465034300,https://spareto.com/oe/5465034300,5465034300 - Shock absorber OE number by HYUNDAI,2026-08-08
7764 3734,443615423A,https://spareto.com/oe/443615423a,"443615423A - Piston, brake caliper, repair kit OE number by AUDI, SEAT, SKODA, VAG, VW",2026-08-09
7764 7168,7701056166,https://spareto.com/oe/7701056166,"7701056166 - Repair kit, brake caliper, piston OE number by DACIA, MITSUBISHI, NISSAN, RENAULT, RENAULT TRUCKS",2026-08-09
7764 7169,7701056165,https://spareto.com/oe/7701056165,"7701056165 - Brake caliper, repair kit, piston OE number by DACIA, MITSUBISHI, NISSAN, RENAULT, RENAULT TRUCKS",2026-08-09
7764 7180,2E0615101F,https://spareto.com/oe/2e0615101f,"2E0615101F - Piston, repair kit, brake caliper OE number by AUDI, MERCEDES-BENZ, SEAT, SKODA, VAG, VW",2026-08-09
7764 7181,2E0615102F,https://spareto.com/oe/2e0615102f,"2E0615102F - Piston, repair kit, brake caliper OE number by AUDI, MERCEDES-BENZ, SEAT, SKODA, VAG, VW",2026-08-09
7764 7182,1460305,https://spareto.com/oe/1460305,"1460305 - Piston, repair kit, brake caliper OE number by FORD",2026-08-09
7764 7182,6G912D049GC,https://spareto.com/oe/6g912d049gc,"6G912D049GC - Piston, repair kit, brake caliper OE number by FORD, FORD MOTOR COMPANY",2026-08-09
7764 7183,1465776,https://spareto.com/oe/1465776,"1465776 - Piston, repair kit, brake caliper OE number by FORD",2026-08-09
7764 7183,6G912D048GF,https://spareto.com/oe/6g912d048gf,"6G912D048GF - Piston, repair kit, brake caliper OE number by FORD, FORD MOTOR COMPANY",2026-08-09
7764 7194,440118711R,https://spareto.com/oe/440118711r,"440118711R - Brake caliper, repair kit OE number by DACIA, NISSAN, RENAULT",2026-08-09
7764 7196,1371412,https://spareto.com/oe/1371412,"1371412 - Repair kit, brake caliper, bleeder screw/valve OE number by FORD",2026-08-09
7764 7197,1371407,https://spareto.com/oe/1371407,"1371407 - Brake caliper, repair kit, bleeder screw/valve OE number by FORD",2026-08-09
7764 8353,3C0615403C,https://spareto.com/oe/3c0615403c,"3C0615403C - Repair kit, brake caliper, control element OE number by AUDI, SEAT, SKODA, VAG, VW",2026-08-09
7764 8354,3C0615404C,https://spareto.com/oe/3c0615404c,"3C0615404C - Repair kit, brake caliper, control element, accessory kit, piston OE number by AUDI, SEAT, SKODA, VAG, VW",2026-08-09
7764 8355,701615123DX,https://spareto.com/oe/701615123dx,"701615123DX - Brake caliper, piston, repair kit OE number by AUDI, SEAT, SKODA, VAG, VW",2026-08-09
7764 8437,13300861,https://spareto.com/oe/13300861,"13300861 - Repair kit, brake caliper, guide bolt, bleeder screw/valve, bellow OE number by CADILLAC, CHEVROLET, GENERAL MOTORS, OPEL, VAUXHALL",2026-08-09
7764 8438,13300862,https://spareto.com/oe/13300862,"13300862 - Repair kit, brake caliper, guide bolt, bleeder screw/valve, bellow OE number by CADILLAC, CHEVROLET, GENERAL MOTORS, OPEL, VAUXHALL",2026-08-09
7764 8440,93190679,https://spareto.com/oe/93190679,"93190679 - Brake caliper, seal ring OE number by GENERAL MOTORS, IVECO, OPEL, VAUXHALL",2026-08-09
7764 8447,1075554,https://spareto.com/oe/1075554,"1075554 - Brake caliper, repair kit OE number by FORD, OPEL",2026-08-09
7764 8448,1075553,https://spareto.com/oe/1075553,"1075553 - Brake caliper, repair kit, piston, link/coupling rod OE number by FORD",2026-08-09
7764 8495,8200221131,https://spareto.com/oe/8200221131,"8200221131 - Condenser OE number by NISSAN, RENAULT",2026-08-09
77641352,1603195,https://spareto.com/oe/1603195,"1603195 - Wheel bearing kit OE number by GENERAL MOTORS, OPEL, VAUXHALL",2026-08-09
77641404,9014610401,https://spareto.com/oe/9014610401,"9014610401 - Steering gear OE number by MERCEDES-BENZ, VW",2026-08-09
77641459,701407187B,https://spareto.com/oe/701407187b,"701407187B - Ball joint, control/trailing arm kit, ball head OE number by AUDI, CUPRA, PORSCHE, SEAT, SKODA, VAG, VW",2026-08-09
7764146,02A911335 B,https://spareto.com/oe/02a911335b,"02A911335B - Pinion OE number by AUDI, SEAT, SKODA, VAG, VW",2026-08-09
7764174,4A0399151C,https://spareto.com/oe/4a0399151c,"4A0399151C - Mounting, engine mounting OE number by AUDI, CUPRA, PORSCHE, SEAT, SKODA, VAG, VW",2026-08-09
77641748,96349976,https://spareto.com/oe/96349976,"96349976 - Tensioner lever, tensioner pulley, belt tensioner, v-ribbed belt set, deflection/guide pulley OE number by CHEVROLET, DAEWOO, GENERAL MOTORS",2026-08-09
7764183,441412249A,https://spareto.com/oe/441412249a,"441412249A - Anti-friction bearing, repair kit, rolling bearing, top strut mounting OE number by AUDI, CUPRA, PORSCHE, SEAT, SKODA, VAG, VW",2026-08-09
77641838,96227422,https://spareto.com/oe/96227422,"96227422 - Engine mounting, mounting, holder OE number by CHEVROLET, DAEWOO, GENERAL MOTORS, KIA",2026-08-09
77641957,96231949,https://spareto.com/oe/96231949,"96231949 - Heat exchanger OE number by CHEVROLET, DAEWOO, GENERAL MOTORS, GMC, ZAZ",2026-08-09
77641957,96231949 металл,https://spareto.com/oe/96231949,"96231949 - Heat exchanger OE number by CHEVROLET, DAEWOO, GENERAL MOTORS, GMC, ZAZ",2026-08-09
77641957,P96190674,https://spareto.com/oe/p96190674,"P96190674 - Heat exchanger OE number by CHEVROLET, DAEWOO, GMC, ZAZ",2026-08-09
77641993,6383230268,https://spareto.com/oe/6383230268,"6383230268 - Rod/strut, link/coupling rod, centre rod assembly, repair kit OE number by MERCEDES-BENZ, SMART",2026-08-09
77641994,6383230368,https://spareto.com/oe/6383230368,"6383230368 - Rod/strut, link/coupling rod, repair kit OE number by MERCEDES-BENZ, SMART",2026-08-09
77642003,6393200289,https://spareto.com/oe/6393200289,"6393200289 - Rod/strut, repair kit, link/coupling rod OE number by MERCEDES-BENZ, MERCEDES-BENZ (FJDA), SMART",2026-08-09
77642004,6393200389,https://spareto.com/oe/6393200389,"6393200389 - Rod/strut, link/coupling rod, repair kit OE number by MERCEDES-BENZ, MERCEDES-BENZ (FJDA), SMART",2026-08-09
77642085,90 372 598,https://spareto.com/oe/90372598,"90372598 - Coil spring OE number by GENERAL MOTORS, OPEL",2026-08-09
77642295,1618142,https://spareto.com/oe/1618142,"1618142 - Heat exchanger OE number by GMC, OPEL, SATURN, VAUXHALL",2026-08-09
77642295,1618142 металл,https://spareto.com/oe/1618142,"1618142 - Heat exchanger OE number by GMC, OPEL, SATURN, VAUXHALL",2026-08-09
77642295,9117283,https://spareto.com/oe/9117283,"9117283 - Heat exchanger OE number by GMC, OPEL, SATURN, VAUXHALL",2026-08-09
77642412,96535004,https://spareto.com/oe/96535004,"96535004 - Coil spring, suspension spring OE number by CHEVROLET, DAEWOO, GENERAL MOTORS",2026-08-09
77642448,058109309N,https://spareto.com/oe/058109309n,"058109309N - Rocker/ tappet, tappet OE number by AUDI",2026-08-09
77642480,8200002870,https://spareto.com/oe/8200002870,"8200002870 - Rod/strut, sway bar, link/coupling rod, repair kit, control/trailing arm kit, link set OE number by DACIA, NISSAN, OPEL, RENAULT, RENAULT TRUCKS",2026-08-09
77642498,364051,https://spareto.com/oe/364051,"364051 - Ball joint, track control arm, suspension kit, vacuum hose, oil hose, repair kit, fastening bolts OE number by CITROËN, DS, PEUGEOT, RENAULT, VW",2026-08-09
77642543,0003232444,https://spareto.com/oe/0003232444,"0003232444 - Mounting, bush, mc pherson column fitting elements OE number by EVOBUS, MERCEDES-BENZ",2026-08-09
77642622,032 4055,https://spareto.com/oe/0324055,"0324055 - Tie rod end, tie rod end OE number by OPEL, VAUXHALL",2026-08-09
77642624,032 4039,https://spareto.com/oe/0324039,"0324039 - Tie rod end, mounting, tie rod end, bushing OE number by DAEWOO, OPEL, VAUXHALL",2026-08-09
77642804,90372462,https://spareto.com/oe/90372462,"90372462 - Engine mounting, holder, mounting OE number by CHEVROLET, DAEWOO, GENERAL MOTORS",2026-08-09
77642959,96182634,https://spareto.com/oe/96182634,"96182634 - Sensor OE number by CHEVROLET, DAEWOO, GENERAL MOTORS, HOLDEN, OPEL, PONTIAC, VAUXHALL",2026-08-09
77643034,96553243,https://spareto.com/oe/96553243,"96553243 - Radiator OE number by CHEVROLET, DAEWOO, GMC, SUZUKI",2026-08-09
77643034,96553243 круг,https://spareto.com/oe/96553243,"96553243 - Radiator OE number by CHEVROLET, DAEWOO, GMC, SUZUKI",2026-08-09
77643216,0002020019,https://spareto.com/oe/0002020019,"0002020019 - V-ribbed belt set, deflection/guide pulley, water pump + v-ribbed belt set, deflection pulley/guide pulley, v-belt/pulley, tensioner pulley, tachograph disc OE number by MERCEDES-BENZ, MERCEDES-BENZ (BBDC), SMART, VW",2026-08-09
77643234,056121113D,https://spareto.com/oe/056121113d,"056121113D - Thermostat, water pump, seal OE number by AUDI, CUPRA, PORSCHE, SEAT, SKODA, VAG, VW",2026-08-09
77643315,7H0498611,https://spareto.com/oe/7h0498611,"7H0498611 - Wheel bearing kit, wheel hub, steering knuckle, wheel hub, wheel bearings set OE number by AUDI, CUPRA, PORSCHE, SEAT, SKODA, VAG, VW",2026-08-09
77643380,0A5409343,https://spareto.com/oe/0a5409343,"0A5409343 - Joint, stub axle, drive shaft, stub shaft, joint kit OE number by AUDI, CUPRA, PORSCHE, SEAT, SKODA, VAG, VW",2026-08-09
77643432,0002020019,https://spareto.com/oe/0002020019,"0002020019 - V-ribbed belt set, deflection/guide pulley, water pump + v-ribbed belt set, deflection pulley/guide pulley, v-belt/pulley, tensioner pulley, tachograph disc OE number by MERCEDES-BENZ, MERCEDES-BENZ (BBDC), SMART, VW",2026-08-09
77643642,4431869,https://spareto.com/oe/4431869,"4431869 - Ball joint, suspension kit OE number by NISSAN, OPEL, RENAULT, VAUXHALL",2026-08-09
7764409,037198151,https://spareto.com/oe/037198151,"037198151 - Piston ring kit OE number by AUDI, CUPRA, VW",2026-08-09
77644341,02A911335 B,https://spareto.com/oe/02a911335b,"02A911335B - Pinion OE number by AUDI, SEAT, SKODA, VAG, VW",2026-08-09
77644522,4A0399151K,https://spareto.com/oe/4a0399151k,"4A0399151K - Mounting, engine mounting OE number by AUDI, AUDI (FAW), CUPRA, PORSCHE, SEAT, SKODA, VAG, VW",2026-08-09
7764473,171121321D,https://spareto.com/oe/171121321d,"171121321D - Sealing cap, expansion tank, closure, cap, sealing-/protection plugs OE number by AUDI, CUPRA, PORSCHE, SEAT, SKODA, VAG, VW",2026-08-09
77644905,025121321B,https://spareto.com/oe/025121321b,"025121321B - Sealing cap, expansion tank, cap, closure OE number by AUDI, CUPRA, PORSCHE, SEAT, SKODA, VAG, VW",2026-08-09
77644913,025121403A,https://spareto.com/oe/025121403a,"025121403A - Expansion tank, water tank OE number by AUDI, CUPRA, PORSCHE, SEAT, SKODA, VAG, VW",2026-08-09
77644962,1K0498621,https://spareto.com/oe/1k0498621,"1K0498621 - Wheel bearing kit, wheel hub, wheel hub, repair kit, wheel bearing OE number by AUDI, CUPRA, PORSCHE, ROEWE (SAIC), SEAT, SKODA, SKODA (SVW), VAG, VW",2026-08-09
77644985,8D0959455C,https://spareto.com/oe/8d0959455c,"8D0959455C - Fan, electric motor OE number by AUDI, CUPRA, FORD, PORSCHE, SEAT, SKODA, VAG, VW, VW (SVW)",2026-08-09
77645101,0028358901,https://spareto.com/oe/0028358901,"0028358901 - Heat exchanger OE number by DODGE, MERCEDES-BENZ, VW",2026-08-09
77645128,4D0407151J,https://spareto.com/oe/4d0407151j,"4D0407151J - Track control arm, link set, control arm/trailing arm, repair kit, control/trailing arm kit, control/trailing arm, tie rod axle joint OE number by AUDI, CUPRA, PORSCHE, SEAT, SKODA, VAG, VW",2026-08-09
77645155,38359001,https://spareto.com/oe/38359001,"38359001 - Heat exchanger, heater hose OE number by MERCEDES-BENZ",2026-08-09
7764516,028145278E,https://spareto.com/oe/028145278e,"028145278E - Tensioner pulley, v-ribbed belt set, deflection/guide pulley, water pump + v-ribbed belt set, belt tensioner OE number by AUDI, CUPRA, PORSCHE, SEAT, SKODA, VAG, VW",2026-08-09
77645274,028109243F,https://spareto.com/oe/028109243f,"028109243F - Tensioner pulley, timing belt set, water pump &amp; timing belt set, timing belt kit, water pump &amp; timing belt kit OE number by AUDI, CUPRA, FORD, PORSCHE, SEAT, SKODA, VAG, VW",2026-08-09
77645315,314 608,https://spareto.com/oe/314608,314608 - Shock absorber OE number by SACHS,2026-08-09
77645746,YC15V25000AC,https://spareto.com/oe/yc15v25000ac,YC15V25000AC - Roller guide OE number by FORD,2026-08-09
77645749,1639909,https://spareto.com/oe/1639909,1639909 - Roller guide OE number by FORD,2026-08-09
77645831,357411105AB,https://spareto.com/oe/357411105ab,"357411105AB - Coil spring, suspension spring OE number by SEAT, SKODA, VAG, VW",2026-08-09
77645839,7H0121253J,https://spareto.com/oe/7h0121253j,"7H0121253J - Radiator, cooling module OE number by AUDI, CUPRA, SEAT, SKODA, VAG, VW",2026-08-09
77645849,7H0121253G,https://spareto.com/oe/7h0121253g,"7H0121253G - Radiator, cooling module OE number by AUDI, CUPRA, SEAT, SKODA, VAG, VW",2026-08-09
7764725,069121113,https://spareto.com/oe/069121113,"069121113 - Thermostat OE number by AUDI, BENTLEY, CUPRA, PORSCHE, SEAT, SKODA, VAG, VW",2026-08-09
77647476,4417245,https://spareto.com/oe/4417245,"4417245 - Radiator OE number by NISSAN, OPEL, RENAULT, VAUXHALL",2026-08-09
77647516,93868376,https://spareto.com/oe/93868376,"93868376 - Condenser OE number by FIAT, GENERAL MOTORS, NISSAN, OPEL, RENAULT, VAUXHALL",2026-08-09
77647544,8K0598611,https://spareto.com/oe/8k0598611,"8K0598611 - Wheel bearing kit, wheel hub, wheel hub OE number by AUDI, CUPRA, PORSCHE, SEAT, SKODA, VAG, VW",2026-08-09
77647546,1836381,https://spareto.com/oe/1836381,"1836381 - Wheel bearing kit, wheel bearing OE number by FORD",2026-08-09
77647548,1649810106,https://spareto.com/oe/1649810106,"1649810106 - Wheel bearing kit, wheel bearing, wheel hub OE number by MERCEDES-BENZ, SMART",2026-08-09
77647640,96407753,https://spareto.com/oe/96407753,"96407753 - Coil spring, suspension spring OE number by CHEVROLET, DAEWOO",2026-08-09
77647640,96415734,https://spareto.com/oe/96415734,"96415734 - Coil spring, suspension spring OE number by CHEVROLET, DAEWOO, GENERAL MOTORS",2026-08-09
77647725,06B 198 151,https://spareto.com/oe/06b198151,"06B198151 - Piston ring kit OE number by AUDI, CUPRA, VAG, VW",2026-08-09
77648675,FT766K775BA,https://spareto.com/oe/ft766k775ba,"FT766K775BA - Intercooler, charge air cooler OE number by FORD",2026-08-09
77648770,7M0413031G,https://spareto.com/oe/7m0413031g,"7M0413031G - Shock absorber OE number by AUDI, FORD, SEAT, SKODA, VAG, VW",2026-08-09
77648805,8E0 513 033,https://spareto.com/oe/8e0513033,"8E0513033 - Shock absorber OE number by AUDI, SEAT, SKODA, VAG, VW",2026-08-09
