priority_rank,lead_id,country,company,city,fit_score,status,website,contact_name,email,phone,channels,catalog_signal,why_fit,dependency,verified_on
1,UA-01,Ukraine,Aparts,Kyiv,5.0,CONTACT_NOW,https://aparts.prom.ua/ua/about_us,Oleksandr,infoaparts1@gmail.com,"+380971992730; +380933129315","Prom.ua; regional stores","250000+ positions; daily catalog and price updates; market price monitoring","Exact Prom and XLSX fit; direct pricing pain; accessible decision maker","Client XLSX and permitted market evidence",2026-07-18
2,UA-02,Ukraine,Zapchastinki,Kropyvnytskyi,4.7,CONTACT_NOW,https://zapchastinki.prom.ua/ua/about_us,Oleksandr Tereshchenko,zapchastinkimail@gmail.com,+380673543394,"Prom.ua; wholesale; retail","10000 SKU; 500+ monthly shipments; 5-10 employees","High manual workload and direct owner contact","Client XLSX and permitted market evidence",2026-07-18
3,UA-03,Ukraine,Auto-dock-ukraina,Sokyriany,4.6,CONTACT_NOW,https://auto-dock-ukraina.prom.ua/contacts,"Maryna; Alona; Ruslan",auto-dock-ukraina@ukr.net,"+380960459294; +380930129013","Prom.ua; Bigl.ua","Prom PRO about 5 years; 957 reviews; new and used parts; KEMP category","Exact channel fit and complex original/analogue/used tiers","Client XLSX and permitted market evidence",2026-07-18
4,UA-04,Ukraine,AllParts,Kharkiv,4.6,CONTACT_NOW,https://allparts.prom.ua/ua/about_us,Sales department,all_parts@ukr.net,"+380960885523; +380985008617","Own website; Prom.ua; physical locations","Hundreds of thousands in Ukraine and millions at supplier warehouses","Large multichannel catalog with cross-border suppliers","Narrow category pilot and permitted market evidence",2026-07-18
5,UA-05,Ukraine,Svit Busiv,Kyiv,4.4,CONTACT_NOW,https://svitbusiv.prom.ua/ua/about_us,Dmytro,info@mirbusov.com.ua,"+380973934929; +380957921892",Prom.ua,"8000+ original and non-original SKU; team under 5","Small team with pricing workload and clear analogue tiers","Client XLSX and permitted market evidence",2026-07-18
6,UA-06,Ukraine,Avtotyun,Kyiv,4.1,CONTACT_NOW,https://auto-tun.prom.ua/about_us,"Yuriy; Oleksandr",nako1@ukr.net,"+380672152320; +380976381883",Prom.ua,"5500+ items; 10+ years","Niche tuning catalog needs strict comparability","Client XLSX and permitted market evidence",2026-07-18
7,UA-07,Ukraine,AVTOMIX,Kyiv,3.8,CONTACT_NOW,https://avtomix.prom.ua/ua/contacts,,avtomix0107@gmail.com,+380953954066,"Prom.ua; Bigl.ua","Active independent auto parts seller","Direct contact and exact channel fit; catalog size unverified","Qualify catalog size and pricing workflow",2026-07-18
8,UA-08,Ukraine,Avtozapchastyny Volyn,Kovel,3.6,CONTACT_NOW,https://cs3948402.prom.ua/ua/contacts,Ivan Drahan,dragan7ivan@gmail.com,+380970410592,"Prom.ua; Bigl.ua","Independent owner-operated store","Fast decision path; suitable for very small pilot","Qualify catalog size and pricing workflow",2026-07-18
9,PL-01,Poland,AutoDetale.pl,Paradyz,4.2,ADAPTER_DISCOVERY,https://autodetale.pl/contact-pol.html,Przemyslaw Kaluza,sklep@autodetale.pl,+48500323472,Own website,"50000+ new parts","Large catalog and directly accessible owner","Polish language; PLN; permitted competitor source; website or Allegro adapter",2026-07-18
10,PL-02,Poland,ORG-CZESCI.PL,Swidnik,4.1,ADAPTER_DISCOVERY,https://org-czesci.pl/,Bonum Futurum sp. z o.o.,sklep@org-czesci.pl,+48506282506,"Own website; own warehouse","38338 products; small founding team","Large physical catalog and direct contact","Polish language; PLN; permitted competitor source",2026-07-18
11,PL-03,Poland,Dzial Czesci,Kadzidlo,4.0,ADAPTER_DISCOVERY,https://www.dzialczesci.pl/,,kontakt@dzialczesci.pl,+48733286592,"Own store; Allegro; physical store","Family business; 10 years in automotive","Explicit multichannel pricing pain and accessible team","Allegro/source adapter and permission review",2026-07-18
12,PL-04,Poland,GlobalParts,Debowiec,4.0,ADAPTER_DISCOVERY,https://globalparts.com.pl/kontakt,GlobalParts-EU sp. z o.o.,kontakt@globalparts.com.pl,"+48510215506; +48453434346","Own website; international sales","Large continuously updated catalog of original used parts","Strong price dispersion and condition-normalization need","Used-part condition model; PLN; permitted market source",2026-07-18
13,PL-05,Poland,JKBauto.pl,Skrzydlewo,3.9,ADAPTER_DISCOVERY,https://jkbauto.pl/kontakt/,Jakub Klosowski,kontakt@jkbauto.pl,"+48691254848; +48693699538",Own website,"Thousands of checked parts","Owner-accessible independent store","Polish language; PLN; permitted competitor source",2026-07-18
14,PL-06,Poland,KupujCzesci.pl,Krakow,3.7,ADAPTER_DISCOVERY,https://www.kupujczesci.pl/pl/i/Kontakt-i-dane-firmy/9,Maria Cichon,sklep@kupujczesci.pl,+48602773224,"Own website; physical store","Independent online and physical auto parts store","Direct owner path and manageable pilot scope","Polish language; PLN; permitted competitor source",2026-07-18
15,PL-07,Poland,MOTO-COMBI,Legionowo,3.5,ADAPTER_DISCOVERY,https://www.motocombi.pl/,,zamowienia@motocombi.pl,,"Own website; phone; email","In business since 1991; many vehicle brands","Long-running catalog business; likely legacy pricing workflow","Qualify SKU count; Polish language; PLN; permitted source",2026-07-18
16,PL-08,Poland,AC Czesci,Mielec,3.3,ADAPTER_DISCOVERY,https://acczesci.pl/,"Pawel Anysz; Grzegorz Cwieka",kontakt@acczesci.pl,"+48536220580; +48578220580","Website; physical store","Passenger and truck parts","Independent operator with separate segments","Qualify catalog scale; keep passenger and truck cohorts separate",2026-07-18
17,RU-01,Russia,4K Avtotovary,Togliatti,4.5,LEGAL_HOLD,https://team4k.ru/,Daria,"team4km@yandex.ru; Dadainfo@yandex.ru",,"Ozon; Wildberries","Online-only marketplace auto parts seller","Very strong multichannel pricing pain and public development contact","EU sanctions classification; payment/KYC; Ozon/WB adapter",2026-07-18
18,RU-02,Russia,Agatol,Moscow,4.4,LEGAL_HOLD,https://www.agatol.ru/content/about-o-kompanii-agatol/,,info@agatol.ru,+74956277501,"Own website; store network","70000+ SKU; Chinese vehicle specialization","Fast-growing original/analogue catalog","EU sanctions classification; payment/KYC; source adapter",2026-07-18
19,RU-03,Russia,Navigator,Volga region,4.3,LEGAL_HOLD,https://navigator-63.ru/region/samara/company/,,shop@navigator-63.ru,88005551813,"Own website; 18 stores; 5 service centers","50000+ products","Regional network with category and branch pricing complexity","EU sanctions classification; enterprise integration; payment/KYC",2026-07-18
20,RU-04,Russia,STODETALEY.RU,"Novosibirsk; Tyumen",4.1,LEGAL_HOLD,https://stodetaley.ru/contacts-tyumen,,mail@stodetaley.ru,88005505266,"Own website; Ozon delivery","Tens of thousands of customers; broad assortment","Own-site and marketplace price discrepancy use case","EU sanctions classification; payment/KYC; source adapter",2026-07-18
21,RU-05,Russia,Vse Chetyre,Zavodoukovsk,4.0,LEGAL_HOLD,https://vse4.ru/o-kompanii,Oleg Tyshchenko,vse4re@gmail.com,+73454256500,"Own website; physical store","12000+ UAZ and GAZ parts","Narrow catalog with strong OEM comparability and founder access","EU sanctions classification; payment/KYC; source adapter",2026-07-18
22,RU-06,Russia,YuCar,,3.9,LEGAL_HOLD,https://yucar.ru/,,info@yucar.ru,,Own website,"10000+ products; tens of thousands B2C and thousands B2B customers","Online scaling and meaningful catalog size","EU sanctions classification; payment/KYC; source adapter",2026-07-18
23,RU-07,Russia,Zapchasti Plus,Moscow,3.8,LEGAL_HOLD,https://www.zapchasti-plus.ru/,V. Fedorov,"fedorov.v@zapchastiplus.ru; yavorskiy@zapchastiplus.ru",+74952583858,Own website,"Multibrand catalog; original and Sasic alternatives","Direct specialist contacts and analogue pricing need","EU sanctions classification; payment/KYC; source adapter",2026-07-18
24,RU-08,Russia,INTROCAR,Saint Petersburg,3.7,LEGAL_HOLD,https://introcar.ru/,,shop@introcar.ru,+79117500220,"Own marketplace; Drom; franchise","5000000+ used parts across own and partner yards","High value but complex condition and supplier normalization","EU sanctions classification; enterprise integration; used-part model",2026-07-18
